INSERT INTO utilizador (email, password) VALUES('test@ist.utl.pt', 'password');
INSERT INTO utilizador_qualificado (email) VALUES('test@ist.utl.pt');
INSERT INTO utilizador (email, password) VALUES('maksym@ist.utl.pt', 'password2');
INSERT INTO utilizador_qualificado (email) VALUES('maksym@ist.utl.pt');
INSERT INTO utilizador (email, password) VALUES('samuel@ist.utl.pt', 'password');
INSERT INTO utilizador_qualificado (email) VALUES('samuel@ist.utl.pt');
INSERT INTO utilizador (email, password) VALUES('mariaines@ist.utl.pt', 'password3');
INSERT INTO utilizador_qualificado (email) VALUES('mariaines@ist.utl.pt');
INSERT INTO utilizador (email, password) VALUES('samuel.barata@ist.utl.pt', 'oçlaisdfhuasdhi');
INSERT INTO utilizador_regular (email) VALUES('samuel.barata@ist.utl.pt');
INSERT INTO utilizador (email, password) VALUES('DkNrKthftLsHpiGr@ist.utl.pt', ',jdfhkjlsdfhg');
INSERT INTO utilizador_regular (email) VALUES('DkNrKthftLsHpiGr@ist.utl.pt');
INSERT INTO utilizador (email, password) VALUES('lJmiZpUgxVOqhOSD@ist.utl.pt', 'gWnLcgNQHhkNXlHR');
INSERT INTO utilizador_regular (email) VALUES('lJmiZpUgxVOqhOSD@ist.utl.pt');
INSERT INTO utilizador (email, password) VALUES('GjpqVswlogCVtiib@ist.utl.pt', 'CxaJLhewVQszZSWD');
INSERT INTO utilizador_regular (email) VALUES('GjpqVswlogCVtiib@ist.utl.pt');
INSERT INTO utilizador (email, password) VALUES('cuxLTZARurjNceQF@ist.utl.pt', 'eFxffeZLTDHTQUnH');
INSERT INTO utilizador_regular (email) VALUES('cuxLTZARurjNceQF@ist.utl.pt');
INSERT INTO utilizador (email, password) VALUES('dGDWjWceHpdVpxya@ist.utl.pt', 'xsyHAJtxqDKmzmSz');
INSERT INTO utilizador_regular (email) VALUES('dGDWjWceHpdVpxya@ist.utl.pt');
INSERT INTO utilizador (email, password) VALUES('iENOrdbDKifMvUlb@ist.utl.pt', 'JTNBBxKWtOAcDeLm');
INSERT INTO utilizador_regular (email) VALUES('iENOrdbDKifMvUlb@ist.utl.pt');
INSERT INTO utilizador (email, password) VALUES('ycmgyewjPDTJUUWp@ist.utl.pt', 'fPJYJHoeCXnnwKtW');
INSERT INTO utilizador_regular (email) VALUES('ycmgyewjPDTJUUWp@ist.utl.pt');
INSERT INTO utilizador (email, password) VALUES('bdvjPahJgBBoNVyj@ist.utl.pt', 'hjMmpONBpgegomLR');
INSERT INTO utilizador_regular (email) VALUES('bdvjPahJgBBoNVyj@ist.utl.pt');
INSERT INTO utilizador (email, password) VALUES('TCvVcIgWLqxhiCCB@ist.utl.pt', 'BdkTlgGPMiVhIhYO');
INSERT INTO utilizador_regular (email) VALUES('TCvVcIgWLqxhiCCB@ist.utl.pt');
INSERT INTO utilizador (email, password) VALUES('VeRheIiuklLbNbNh@ist.utl.pt', 'dsfgsdfgsdfgsdfg');
INSERT INTO utilizador_regular (email) VALUES('VeRheIiuklLbNbNh@ist.utl.pt');
INSERT INTO utilizador (email, password) VALUES('MAeeCJGFtSfrBUjV@ist.utl.pt', 'sdfggdewrgewgd');
INSERT INTO utilizador_regular (email) VALUES('MAeeCJGFtSfrBUjV@ist.utl.pt');
INSERT INTO utilizador (email, password) VALUES('SxFasNzIBJMnVHEK@ist.utl.pt', 'sdfgwewzsgedgrdsf');
INSERT INTO utilizador_regular (email) VALUES('SxFasNzIBJMnVHEK@ist.utl.pt');
INSERT INTO local_publico (latitude, longitude, nome) VALUES('-90.0', '-180.0', 'min');
INSERT INTO local_publico (latitude, longitude, nome) VALUES('90.0', '180.0', 'max');
INSERT INTO local_publico (latitude, longitude, nome) VALUES('37.103834', '-8.136378', 'Vilamoura');
INSERT INTO local_publico (latitude, longitude, nome) VALUES('38.774465', '-9.157023', 'Lisboa');
INSERT INTO local_publico (latitude, longitude, nome) VALUES('39.336775', '-8.936379', 'Rio Maior');
INSERT INTO local_publico (latitude, longitude, nome) VALUES('40.064718', '-8.179064', 'Coentral');
INSERT INTO local_publico (latitude, longitude, nome) VALUES('40.203759', '-8.407733', 'Coimbra');
INSERT INTO local_publico (latitude, longitude, nome) VALUES('41.188929', '-8.495278', 'Valongo');
INSERT INTO local_publico (latitude, longitude, nome) VALUES('2.305838', '75.593217', 'McDonalds');
INSERT INTO local_publico (latitude, longitude, nome) VALUES('11.930115', '-17.846825', 'Francesinhas');
INSERT INTO local_publico (latitude, longitude, nome) VALUES('1.962361', '0.673555', 'O Reitor');
INSERT INTO local_publico (latitude, longitude, nome) VALUES('-34.561541', '-131.877374', 'Camartelo');
INSERT INTO local_publico (latitude, longitude, nome) VALUES('26.843787', '47.156248', '100 Montaditos');
INSERT INTO local_publico (latitude, longitude, nome) VALUES('23.753371', '-150.151284', 'Mandarim');
INSERT INTO local_publico (latitude, longitude, nome) VALUES('-11.343301', '-50.914956', 'Pizza Hut');
INSERT INTO local_publico (latitude, longitude, nome) VALUES('-49.337381', '3.602802', 'H3');
INSERT INTO local_publico (latitude, longitude, nome) VALUES('-17.744112', '25.580657', 'Chimarrão');
INSERT INTO local_publico (latitude, longitude, nome) VALUES('14.999654', '6.947582', 'IST');
INSERT INTO local_publico (latitude, longitude, nome) VALUES('45.841877', '-57.829977', 'ISEL');
INSERT INTO local_publico (latitude, longitude, nome) VALUES('-37.984206', '-3.894064', 'FPUL');
INSERT INTO local_publico (latitude, longitude, nome) VALUES('-9.737246', '-12.452778', 'akVUjRvXbiyIxNUF');
INSERT INTO local_publico (latitude, longitude, nome) VALUES('-24.927728', '55.033018', 'fSFVpsrLhAoQLueb');
INSERT INTO local_publico (latitude, longitude, nome) VALUES('37.333592', '-94.204026', 'LEWiFPSBQuODxplo');
INSERT INTO local_publico (latitude, longitude, nome) VALUES('29.746054', '105.972587', 'tFoANDvhwEriibMJ');
INSERT INTO local_publico (latitude, longitude, nome) VALUES('7.428669', '-1.617572', 'UxiBiHbnMQZhCers');
INSERT INTO local_publico (latitude, longitude, nome) VALUES('-10.204385', '-3.453691', 'XvqNdrZHXFVlQFUd');
INSERT INTO local_publico (latitude, longitude, nome) VALUES('-3.390445', '51.349627', 'lpYVhEPpPwtGSOjE');
INSERT INTO local_publico (latitude, longitude, nome) VALUES('3.006939', '-9.59972', 'sJtiLGHbMYKrHZxO');
INSERT INTO item (descricao, localizacao, latitude, longitude) VALUES('aviso', 'The Aviso', '26.843787', '47.156248');
INSERT INTO item (descricao, localizacao, latitude, longitude) VALUES('Menu', 'The Menu', '11.930115', '-17.846825');
INSERT INTO item (descricao, localizacao, latitude, longitude) VALUES('item3', 'Mandarim', '23.753371', '-150.151284');
INSERT INTO item (descricao, localizacao, latitude, longitude) VALUES('item4', 'Pizza Hut', '-11.343301', '-50.914956');
INSERT INTO item (descricao, localizacao, latitude, longitude) VALUES('item5', 'Chimarrão', '-17.744112', '25.580657');
INSERT INTO item (descricao, localizacao, latitude, longitude) VALUES('item6', 'IST', '14.999654', '6.947582');
INSERT INTO item (descricao, localizacao, latitude, longitude) VALUES('item7', 'ISEL', '45.841877', '-57.829977');
INSERT INTO item (descricao, localizacao, latitude, longitude) VALUES('item8', 'FPUL', '-37.984206', '-3.894064');
INSERT INTO item (descricao, localizacao, latitude, longitude) VALUES('kuJBsKYBthYFPidqDoFj', 'mdztYPUPxpwJipQb', '-10.204385', '-3.453691');
INSERT INTO item (descricao, localizacao, latitude, longitude) VALUES('SQXhTMJxfjIBebHBaDfe', 'yDSWKDGNHsCjzcvD', '-17.744112', '25.580657');
INSERT INTO item (descricao, localizacao, latitude, longitude) VALUES('IlyJxJlTfvxQjRvnmhpE', 'hGVstRtSwTBWRCCG', '-49.337381', '3.602802');
INSERT INTO item (descricao, localizacao, latitude, longitude) VALUES('KYAmPDHjBshMrEmCGayh', 'DytwAauuckFziLAY', '3.006939', '-9.59972');
INSERT INTO item (descricao, localizacao, latitude, longitude) VALUES('JyFzDJwcyDHmQZyBqnlq', 'VAJClegCjfjwEVpm', '-24.927728', '55.033018');
INSERT INTO item (descricao, localizacao, latitude, longitude) VALUES('UiwdfbIICkAWusJuCyCU', 'nzKIsksNYzhZPudR', '-34.561541', '-131.877374');
INSERT INTO item (descricao, localizacao, latitude, longitude) VALUES('pPqWHVHkFIDNrVGritRf', 'EMPYiFMTDDhAPIOS', '-11.343301', '-50.914956');
INSERT INTO item (descricao, localizacao, latitude, longitude) VALUES('QEIQDdhsTQwCHhjstvhp', 'ucjMfpkkbKOwhwAK', '-3.390445', '51.349627');
INSERT INTO item (descricao, localizacao, latitude, longitude) VALUES('RawWWXanRySjFVtVrZeE', 'znYheAbHAkAfqCAY', '-17.744112', '25.580657');
INSERT INTO item (descricao, localizacao, latitude, longitude) VALUES('EloznjBSNcZxYcfXljpv', 'KtpXEbMZuHPXGjmL', '-24.927728', '55.033018');
INSERT INTO item (descricao, localizacao, latitude, longitude) VALUES('arwTWtYeQvdcoaLtbwGE', 'jbzyijQgogvuAJAq', '37.333592', '-94.204026');
INSERT INTO item (descricao, localizacao, latitude, longitude) VALUES('lpaHkEXtmuXVzFQzByFv', 'URKANCPokWqHeUUi', '37.333592', '-94.204026');
INSERT INTO item (descricao, localizacao, latitude, longitude) VALUES('JefSqMWQElZizvwWffzI', 'SuQSkFElJBsCyGqh', '29.746054', '105.972587');
INSERT INTO item (descricao, localizacao, latitude, longitude) VALUES('mmfHZCOvtWsNORXgGywb', 'zemyfbZfpoFKtgiP', '7.428669', '-1.617572');
INSERT INTO item (descricao, localizacao, latitude, longitude) VALUES('TWUqkXnFskuffMcIPwFW', 'mAlUzUDGTPxBgZvo', '-9.737246', '-12.452778');
INSERT INTO item (descricao, localizacao, latitude, longitude) VALUES('uLYGEfPfIKPYTABTLhuP', 'GFUroEcLYJUlwqog', '-24.927728', '55.033018');
INSERT INTO item (descricao, localizacao, latitude, longitude) VALUES('LrRoNumJuLLTsmDAOpks', 'TLOHOdcqxsEZgaKc', '26.843787', '47.156248');
INSERT INTO item (descricao, localizacao, latitude, longitude) VALUES('yMNWWemAVclrKpYpZhex', 'fAtwVKPuXLYsqGcx', '-49.337381', '3.602802');
INSERT INTO anomalia (zona, imagem, lingua, descricao, tem_anomalia_redacao) VALUES('(85,114,525,160)','https://imgur.com/coJSJ4X.png', 'PT', 'ITS PROHIBIT MAKE FUME', 'False');
INSERT INTO anomalia_traducao(id, zona2, lingua2) VALUES ('1', '(100,400,415,415)', 'EN');
INSERT INTO anomalia (zona, imagem, lingua, descricao, tem_anomalia_redacao) VALUES('(90,245,350,265)','https://imgur.com/ZG7jagN.png', 'EN', 'Black Pork Prey of Pallet', 'False');
INSERT INTO anomalia_traducao(id, zona2, lingua2) VALUES ('2', '(100,190,545,210)', 'PT');
INSERT INTO anomalia (zona, imagem, lingua, descricao, tem_anomalia_redacao) VALUES('(93,445,296,471)','https://imgur.com/ZG7jagN.png', 'EN', 'Black pork Lizards', 'False');
INSERT INTO anomalia_traducao(id, zona2, lingua2) VALUES ('3', '(121,400,444,425)', 'PT');
INSERT INTO anomalia (zona, imagem, lingua, descricao, tem_anomalia_redacao) VALUES('(250,4824,4415,4899)','https://thefunnybeaver.com/wp-content/uploads/2018/10/funny-all-shifts.jpg', 'EN', 'SHITS', 'True');
INSERT INTO anomalia (zona, imagem, lingua, descricao, tem_anomalia_redacao) VALUES('(3080,1882,3999,4713)','https://thefunnybeaver.com/wp-content/uploads/2018/10/funny-dog-here.jpg', 'EN', 'PLEASE DO NOT EMPTY YOUR DOG HERE', 'True');
INSERT INTO anomalia (zona, imagem, lingua, descricao, tem_anomalia_redacao) VALUES('(4800,263,4938,1862)','https://thefunnybeaver.com/wp-content/uploads/2018/10/funny-extra-large.jpg', 'EN', 'EXTRA LARGE KID', 'True');
INSERT INTO anomalia (zona, imagem, lingua, descricao, tem_anomalia_redacao) VALUES('(571,4981,1539,4986)','https://i.pinimg.com/236x/5c/2d/2e/5c2d2e99040ddbe6a5cf77d5ea99fbe7.jpg', 'EN', 'PHONE_S', 'True');
INSERT INTO anomalia (zona, imagem, lingua, descricao, tem_anomalia_redacao) VALUES('(3357,2210,3374,4145)','https://www.bigfishenglish.com/wp-content/uploads/2015/07/your-on-camera.jpg', 'EN', 'YOUR', 'True');
INSERT INTO anomalia (zona, imagem, lingua, descricao, tem_anomalia_redacao) VALUES('(433,363,1745,4995)','https://teylarachelbranton.com/app/uploads/2016/10/grammar-again-9-300x218.jpg', 'EN', 'FIND', 'True');
INSERT INTO anomalia (zona, imagem, lingua, descricao, tem_anomalia_redacao) VALUES('(1373,219,4105,4399)','https://picsum.photos/200/300', 'XTymMMBPyTvsRGOxdmIZIoAnJ', 'DvjetNLolRXMTSZqQSJysnFkTNhWAMHRtXgUMXBZLkoKrNzKmwQFrNp', 'True');
INSERT INTO anomalia (zona, imagem, lingua, descricao, tem_anomalia_redacao) VALUES('(4424,391,4648,4270)','https://picsum.photos/200/300', 'YDRZwnwpfBsxFLONlABUMAhmL', 'OQlXtTYiXVkxshoEnvbUdAKLbAJdspzcsjfMhHvlMilprPBFeYPATcr', 'True');
INSERT INTO anomalia (zona, imagem, lingua, descricao, tem_anomalia_redacao) VALUES('(1875,1375,2352,2324)','https://picsum.photos/200/300', 'sDThdJQgsyPFSqEGEaJaCOxmN', 'buXmSXoDeMLnDxDtpiDxqsbsibEPxVUYPXmpcbixbOOoOwgttbPvSrl', 'True');
INSERT INTO anomalia (zona, imagem, lingua, descricao, tem_anomalia_redacao) VALUES('(4997,3018,4997,3403)','https://picsum.photos/200/300', 'EePHqoJPLSNBStHXQuVFFbEHw', 'SeuxigqeNTvNXVtOGFhgFbwKJohxHTjfTSFrHkBmhTmFqZbuKrPCNCS', 'True');
INSERT INTO anomalia (zona, imagem, lingua, descricao, tem_anomalia_redacao) VALUES('(2626,4197,3905,4874)','https://picsum.photos/200/300', 'oiuNgeIhJGhBQNEEhNuYKKbtF', 'xNuZwFitLRekUGzHpUEjRDWHGhZfkUPROdsPlmeHNnEychAORCdEHUb', 'True');
INSERT INTO anomalia (zona, imagem, lingua, descricao, tem_anomalia_redacao) VALUES('(1911,2536,3514,3858)','https://picsum.photos/200/300', 'NaKXxlrxUWHkRHjvdXkMkcTkI', 'ftywvcMaqQMpMNjrRUTYeKwZTGnFmdFKySusZTxuWkGiSzVuBhFoFyZ', 'True');
INSERT INTO anomalia (zona, imagem, lingua, descricao, tem_anomalia_redacao) VALUES('(4037,2382,4864,3328)','https://picsum.photos/200/300', 'qTeqqMBzxyWCzbmumgPuiQFuE', 'uWZziDJXKUAepkcoIyKLgIGFlrUUwxhkgoFwbGZDBHitFPOSpGqJthC', 'True');
INSERT INTO anomalia (zona, imagem, lingua, descricao, tem_anomalia_redacao) VALUES('(1552,108,3307,4913)','https://picsum.photos/200/300', 'KZQIKskwPfmZtsaxfcJOPpDlC', 'DIljQCcqnHtoaknmFpXTUjCiGHnxpfkOaxMMmmzybseynlJaRPerFZQ', 'True');
INSERT INTO anomalia (zona, imagem, lingua, descricao, tem_anomalia_redacao) VALUES('(1663,2912,4619,4383)','https://picsum.photos/200/300', 'vClJlrmcFeeOYESmgRnxBJpDw', 'TskfgRchjyFDWAjmZxrohlMUAEakjtcZXvOgDiuFYARMyMVKtBYPAGP', 'True');
INSERT INTO anomalia (zona, imagem, lingua, descricao, tem_anomalia_redacao) VALUES('(2069,2847,3427,4285)','https://picsum.photos/200/300', 'AlOTSVRwcnaMpsxCEAmWCQmOS', 'nyGkIyWBKBbqwvFftbfyUKUYMPvBwoffigKFIPkFiLfhsHVmeePiWaa', 'True');
INSERT INTO anomalia (zona, imagem, lingua, descricao, tem_anomalia_redacao) VALUES('(4576,4500,4934,4608)','https://picsum.photos/200/300', 'qWBJgESBwgULkXQsXRhueEBWs', 'rhtvZzbVfBnVkqAdGlRBbaTsNNIqBzKDVPWgaIXfutKzoDfGXwcNtqZ', 'True');
INSERT INTO anomalia (zona, imagem, lingua, descricao, tem_anomalia_redacao) VALUES('(3960,1521,3979,3705)','https://picsum.photos/200/300', 'YCWvIsEDhrdmUbHcntyLbPjCJ', 'byziOsJrEVAyvFVvkOvEVQjBLaAApablRNlJFloEXthKqJbZmcXVKGS', 'True');
INSERT INTO anomalia (zona, imagem, lingua, descricao, tem_anomalia_redacao) VALUES('(1287,723,1983,2351)','https://picsum.photos/200/300', 'UyeCKihjYmeNkIjgTZaNIrFzp', 'yFzBtvwTNKfnDpmzuPSDtjBlmURKtJHGDxuhnYiWkHYpGJjrFsaiQzY', 'True');
INSERT INTO anomalia (zona, imagem, lingua, descricao, tem_anomalia_redacao) VALUES('(3234,286,4257,2457)','https://picsum.photos/200/300', 'PGTMCNQYvkmuYaWKFUcJXKrLE', 'WeHteOfZmQFkqnxuiJEonglSfWjKuaiBSWtpjtZGsaUXUVAwGZSDyHa', 'True');
INSERT INTO anomalia (zona, imagem, lingua, descricao, tem_anomalia_redacao) VALUES('(1941,2840,4549,3512)','https://picsum.photos/200/300', 'PFnxliIwhOHOOzWBRGpXjSXks', 'iGoXNSNPwqbFRNEfmNyVxtGiLDgrhfHryUFEGbtwFBdCeZkWHFsVwnq', 'True');
INSERT INTO anomalia (zona, imagem, lingua, descricao, tem_anomalia_redacao) VALUES('(1815,4769,1944,4939)','https://picsum.photos/200/300', 'HrhaKGUxLFcXMMhLUrOvllBpY', 'WHNGCzWciuMIveQstxVMMTIUNzJoNUMYiRLwQJjmUklHmJLTMZStLDV', 'True');
INSERT INTO anomalia (zona, imagem, lingua, descricao, tem_anomalia_redacao) VALUES('(2411,4051,2779,4147)','https://picsum.photos/200/300', 'AmigrZdxMcrqhQYrLCQpxjJmE', 'QvZbBFgmIcRJClICcPrzyvlvaUAvMyRjimzKdboKvBAhdbDaFhHtKor', 'True');
INSERT INTO anomalia (zona, imagem, lingua, descricao, tem_anomalia_redacao) VALUES('(636,2807,1678,4107)','https://picsum.photos/200/300', 'ZyGgRXGnCctiFvDSSLfzWVytU', 'NscNCHnIliCzchyLDauIKhyDPqiidBEHiRANgQcbDmCOBwJevuClXEF', 'True');
INSERT INTO incidencia (anomalia_id, item_id, email) VALUES('1', '1', 'test@ist.utl.pt');
INSERT INTO incidencia (anomalia_id, item_id, email) VALUES('2', '2', 'GjpqVswlogCVtiib@ist.utl.pt');
INSERT INTO incidencia (anomalia_id, item_id, email) VALUES('3', '2', 'TCvVcIgWLqxhiCCB@ist.utl.pt');
INSERT INTO incidencia (anomalia_id, item_id, email) VALUES('4', '9', 'lJmiZpUgxVOqhOSD@ist.utl.pt');
INSERT INTO incidencia (anomalia_id, item_id, email) VALUES('5', '10', 'GjpqVswlogCVtiib@ist.utl.pt');
INSERT INTO incidencia (anomalia_id, item_id, email) VALUES('6', '11', 'TCvVcIgWLqxhiCCB@ist.utl.pt');
INSERT INTO incidencia (anomalia_id, item_id, email) VALUES('7', '12', 'lJmiZpUgxVOqhOSD@ist.utl.pt');
INSERT INTO incidencia (anomalia_id, item_id, email) VALUES('8', '13', 'GjpqVswlogCVtiib@ist.utl.pt');
INSERT INTO incidencia (anomalia_id, item_id, email) VALUES('9', '14', 'mariaines@ist.utl.pt');
INSERT INTO incidencia (anomalia_id, item_id, email) VALUES('10', '9', 'test@ist.utl.pt');
INSERT INTO incidencia (anomalia_id, item_id, email) VALUES('11', '10', 'DkNrKthftLsHpiGr@ist.utl.pt');
INSERT INTO incidencia (anomalia_id, item_id, email) VALUES('12', '11', 'DkNrKthftLsHpiGr@ist.utl.pt');
INSERT INTO incidencia (anomalia_id, item_id, email) VALUES('13', '12', 'test@ist.utl.pt');
INSERT INTO incidencia (anomalia_id, item_id, email) VALUES('14', '13', 'DkNrKthftLsHpiGr@ist.utl.pt');
INSERT INTO incidencia (anomalia_id, item_id, email) VALUES('15', '14', 'MAeeCJGFtSfrBUjV@ist.utl.pt');
INSERT INTO incidencia (anomalia_id, item_id, email) VALUES('16', '15', 'VeRheIiuklLbNbNh@ist.utl.pt');
INSERT INTO incidencia (anomalia_id, item_id, email) VALUES('17', '16', 'test@ist.utl.pt');
INSERT INTO incidencia (anomalia_id, item_id, email) VALUES('18', '17', 'MAeeCJGFtSfrBUjV@ist.utl.pt');
INSERT INTO incidencia (anomalia_id, item_id, email) VALUES('19', '18', 'MAeeCJGFtSfrBUjV@ist.utl.pt');
INSERT INTO incidencia (anomalia_id, item_id, email) VALUES('20', '19', 'SxFasNzIBJMnVHEK@ist.utl.pt');
INSERT INTO incidencia (anomalia_id, item_id, email) VALUES('21', '20', 'DkNrKthftLsHpiGr@ist.utl.pt');
INSERT INTO proposta_de_correcao (email, nro, data_hora, texto) VALUES ('test@ist.utl.pt','1','2020-05-12 00:00:00' ,'ITS PROHIBIT TO SMOKE');
INSERT INTO proposta_de_correcao (email, nro, data_hora, texto) VALUES ('test@ist.utl.pt','2','2020-02-12 00:00:00' ,'porco 1');
INSERT INTO proposta_de_correcao (email, nro, data_hora, texto) VALUES ('test@ist.utl.pt','3','2020-03-12 00:00:00' ,'porco 2');
INSERT INTO proposta_de_correcao (email, nro, texto) VALUES ('maksym@ist.utl.pt','1','SHIFTS');
INSERT INTO proposta_de_correcao (email, nro, texto) VALUES ('maksym@ist.utl.pt','2','MENU');
INSERT INTO proposta_de_correcao (email, nro, texto) VALUES ('samuel@ist.utl.pt','1','PHONES');
INSERT INTO proposta_de_correcao (email, nro, texto) VALUES ('samuel@ist.utl.pt','2','YOU ARE');
INSERT INTO proposta_de_correcao (email, nro, texto) VALUES ('mariaines@ist.utl.pt','1','FINED');
INSERT INTO correcao (email, nro, anomalia_id) VALUES ('test@ist.utl.pt','1','1');
INSERT INTO correcao (email, nro, anomalia_id) VALUES ('test@ist.utl.pt','2','2');
INSERT INTO correcao (email, nro, anomalia_id) VALUES ('test@ist.utl.pt','3','3');
INSERT INTO correcao (email, nro, anomalia_id) VALUES ('maksym@ist.utl.pt','1','4');
INSERT INTO correcao (email, nro, anomalia_id) VALUES ('maksym@ist.utl.pt','2','6');
INSERT INTO correcao (email, nro, anomalia_id) VALUES ('samuel@ist.utl.pt','1','7');
INSERT INTO correcao (email, nro, anomalia_id) VALUES ('samuel@ist.utl.pt','2','8');
INSERT INTO correcao (email, nro, anomalia_id) VALUES ('mariaines@ist.utl.pt','1','9');